metric,manual_gt_k4,manual_gt_k6,delta_k6_vs_k4_manual,llm_gt_k4,llm_gt_k6,delta_k6_vs_k4_llm
faithfulness,0.3,0.6666666666666666,0.36666666666666664,0.75,0.5240740740740741,-0.22592592592592586
answer_relevancy,0.20147934902649492,0.6179561873214402,0.4164768382949453,0.6701126761749449,0.757707384795917,0.08759470862097218
