metric,manual_gt_k4,manual_gt_k6,delta_k6_vs_k4_manual,llm_gt_k4,llm_gt_k6,delta_k6_vs_k4_llm
faithfulness,0.5222222222222223,0.5333333333333333,0.011111111111111072,0.5363408521303258,0.5578947368421052,0.021553884711779436
answer_relevancy,0.3333333333333333,0.5888466473094519,0.2555133139761186,0.46101558085109506,0.48913401581993465,0.02811843496883959
